scheme_name,1Y CAGR,3Y CAGR,5Y CAGR
Aditya Birla Sun Life Banking & PSU Debt Fund  - DIRECT - IDCW,-0.014189387276458576,-0.02000736733144104,-0.07355104560439607
Axis ELSS Tax Saver Fund - Direct Plan - Growth Option,0.012334010325537603,0.10816482193754551,0.08324385918235988
HDFC Money Market Fund - Growth Option - Direct Plan,0.06222538958052848,0.07359354353974212,0.06538942980840168
Nippon India Large Cap Fund - Direct Plan Growth Plan - Growth Option,0.014802798847675547,0.150279910052318,0.16249594360158115
SBI Small Cap Fund - Direct Plan - Growth,0.05163892408933468,0.13824967528178234,0.15381042837420478
quant Mid Cap Fund - Growth Option - Direct Plan,0.05452773481218798,0.1762701937593003,0.1835387187294455
